{
  "qrels": "data/2020qrels-pass.txt",
  "run": "runs/dl20.run",
  "metrics": {
    "map": 0.31877414794345277,
    "recip_rank": 0.7963734567901235,
    "recall_1000": 0.6928630088391512,
    "ndcg_cut_10": 0.4976193569237066,
    "mrr_cut_10": 0.795216049382716,
    "num_queries": 54
  }
}
